Ticker,Date,Future_5D_Return,Large_Move
NVDA,2023-05-25,0.035466038396666066,False
WMT,2023-11-16,0.00012819964645349735,False
GS,2024-11-06,-0.00295313571479483,False
KO,2019-02-14,-0.006799766884260761,False
KO,2019-07-23,-0.011227693535671657,False
WMT,2022-05-17,-0.05496762458987281,True
JPM,2024-11-06,-0.023880814194070843,False
JNJ,2023-07-20,0.03153579644025628,False
WMT,2024-05-16,0.012966632931736388,False
WMT,2020-07-07,0.03985825371899199,False
PFE,2021-11-05,0.02304050437815186,False
JNJ,2025-04-01,-0.021207177814029365,False
TSLA,2021-10-25,0.1792733096520307,True
MSFT,2026-01-29,-0.09188001516093569,True
TSLA,2019-07-25,0.021982312972291584,False
V,2022-01-28,0.0017105236388088585,False
TSLA,2024-10-24,-0.04080929220849294,False
JNJ,2025-07-16,0.02621681852301072,False
WMT,2026-08-20,-0.011652533967117962,False
PFE,2023-05-22,-0.04490326912172382,False
TSLA,2019-10-24,0.05085428287066529,True
JPM,2020-11-09,0.0034217409808188215,False
CAT,2023-08-01,-0.019954891286477983,False
MSFT,2026-07-30,0.10809128483331865,True
JPM,2024-04-12,0.01646703800088911,False
KO,2023-10-05,0.008209245826791944,False
CVX,2020-03-09,-0.13598613449487018,True
V,2024-09-24,0.017669944078702704,False
MSFT,2024-10-31,0.04695456204178128,False
NVDA,2024-02-22,0.007308531956989439,False
WMT,2022-07-26,0.08771927355629527,True
V,2026-04-29,-0.047960336442506524,False
WMT,2025-02-20,-0.004320524358614075,False
V,2025-12-11,0.0010994557111478898,False
WMT,2020-03-02,0.011045898925600373,False
WMT,2024-08-15,0.032795866573796184,False
CAT,2020-03-09,-0.1024310181990421,True
CAT,2024-11-06,-0.07150738152330782,True
CAT,2025-10-29,-0.02790818988002086,False
CAT,2023-06-02,0.03706479157880227,False
MSFT,2025-04-09,-0.04834952330399189,False
BA,2023-07-26,-0.006099648412073333,False
NVDA,2025-01-27,-0.014862308174714123,False
WMT,2021-02-18,-0.0414789730810281,False
KO,2022-05-18,0.046895406799124295,False
V,2025-06-13,-0.025790012600555134,False
CVX,2020-11-09,0.12040298960797702,True
CAT,2022-04-22,-0.02662972577141709,False
WMT,2019-08-15,-0.006921599081629259,False
MA,2023-10-26,0.04964482373438783,False
JNJ,2019-10-18,0.005090126631223546,False
CVX,2019-04-12,0.017869066061088734,False
V,2019-08-05,0.044297025349415486,False
AAPL,2025-04-09,-0.023032445011193392,False
AAPL,2020-07-31,0.04566629792935806,False
PFE,2020-01-28,-0.011798629802532878,False
JNJ,2019-05-29,0.02322396260742754,False
BA,2025-12-02,-0.02439385357149859,False
CAT,2024-04-25,-0.0075739572739460526,False
WMT,2019-08-05,-0.0056700271113142575,False
TSLA,2024-01-25,0.034112662547080674,False
TSLA,2021-03-09,0.004899154444095499,False
KO,2020-11-09,0.024348464651463342,False
PFE,2025-09-30,0.031004746064371647,False
PFE,2024-05-01,0.040103022087911055,False
BA,2024-01-08,-0.12436679357003966,True
TSLA,2020-02-03,-0.0111794838538537,False
AAPL,2023-08-04,-0.02307825748809622,False
WMT,2026-05-21,-0.04606886852315695,False
XOM,2020-11-09,0.03330624240650071,False
BA,2020-11-09,0.12845669718849861,True
PFE,2019-07-30,-0.04743492575767061,False
WMT,2025-10-14,-0.009234193379569877,False
V,2020-01-31,0.01894760139383611,False
JNJ,2024-05-01,-0.014750600843866146,False
V,2025-04-04,0.0647334611745618,True
JPM,2020-03-09,-0.05436645653172156,True
CAT,2025-04-03,-0.054290965375884404,True
MA,2021-07-19,0.0748391699887081,True
KO,2025-10-21,-0.014883425167446007,False
MA,2022-01-28,-0.0008104299251766589,False
MA,2025-04-04,0.040794682064054344,False
JNJ,2022-02-25,0.02096382968397026,False
MSFT,2025-07-31,-0.023730034010367884,False
JNJ,2024-07-17,-0.0019159729738763565,False
JNJ,2020-06-11,0.018030869830079066,False
BA,2019-10-18,-0.01212213205736734,False
JPM,2025-02-20,-0.029047977341040365,False
MA,2024-02-20,0.050913115661317176,True
AAPL,2025-04-03,-0.06284760135353318,True
JNJ,2023-04-05,0.003019141345071308,False
MA,2025-06-13,-0.03501601815753175,False
AAPL,2025-08-06,0.09416179053249563,True
AAPL,2022-01-28,0.012094155676913632,False
MA,2020-10-28,0.054293386845748914,True
GS,2020-03-13,-0.21877290121025617,True
KO,2020-02-27,0.03295105339951121,False
WMT,2025-04-09,0.017745580294227015,False
JPM,2023-03-09,0.0031456473348863145,False
MA,2019-08-05,0.05123813989156312,True
WMT,2025-11-20,0.03174308193916975,False
AAPL,2026-01-20,0.04689903611088031,False
NVDA,2021-11-04,0.019764396590517652,False
JNJ,2019-07-12,-0.029709645588216094,False
JPM,2020-03-13,-0.19642000714847296,True
V,2021-10-27,-0.035591772727909254,False
NVDA,2026-02-06,-0.014023008749052601,False
CVX,2025-04-03,-0.1354086603306658,True
WMT,2020-08-27,0.05789363870791875,True
NVDA,2025-04-09,-0.0860666824953411,True
CAT,2023-12-14,0.017182710894412034,False
NVDA,2021-01-06,0.07271391464083798,True
CVX,2020-01-31,0.016800476591487756,False
GS,2023-01-17,-0.004543972320683265,False
JPM,2022-01-14,-0.0819558077866116,True
CVX,2026-01-05,-0.009215805366958763,False
CVX,2025-04-04,-0.053391917655360555,True
WMT,2022-11-15,0.028825232638574283,False
KO,2020-01-30,0.0022086487728030235,False
NVDA,2020-09-03,-0.06538356787398003,True
KO,2021-11-26,-0.0035361739871154763,False
KO,2023-05-22,-0.028125501372850636,False
BA,2020-03-11,-0.4611275734982888,True
AAPL,2024-01-02,-0.002693385055181574,False
PFE,2020-06-01,0.03186686592481558,False
AAPL,2024-06-11,0.03446777504235099,False
MA,2020-02-25,-0.03595369316178176,False
MA,2020-11-09,-0.026439474739122226,False
PFE,2020-10-28,0.05303240041588353,True
V,2024-11-06,0.006766483835859205,False
GS,2020-03-09,-0.105028610340269,True
BA,2020-03-09,-0.4294581077825198,True
AAPL,2026-06-25,0.1216791267635784,True
TSLA,2025-06-05,0.12086396792813847,True
V,2021-03-19,0.03204449047074198,False
PFE,2020-11-09,-0.04770406237486624,False
WMT,2020-09-01,-0.05217153560730026,True
WMT,2025-08-21,-0.01888524388945545,False
XOM,2020-01-31,-0.010463582137120953,False
MSFT,2023-04-26,0.030571821541027777,False
XOM,2020-02-05,-0.023274335965675186,False
WMT,2022-02-17,-0.01800112545660404,False
WMT,2025-08-06,-0.022929593001034587,False
JNJ,2023-01-30,0.008395065495997223,False
GS,2025-01-15,0.05541988717481017,True
PFE,2021-11-02,0.04070403615107554,False
CVX,2019-08-08,-0.050961667107169206,True
CVX,2023-10-27,0.02258395821956638,False
BA,2025-04-09,-0.02704891123867359,False
JNJ,2020-02-24,-0.04036734453991364,False
V,2020-11-09,9.405808326978793e-05,False
CAT,2025-04-09,-0.03611173969148462,False
CVX,2022-09-23,-0.007598301243711969,False
KO,2021-11-30,0.05262151156122363,True
MA,2025-06-18,0.013142051392208476,False
TSLA,2024-04-24,0.11015851521907227,True
XOM,2025-04-04,-0.01150083372014088,False
TSLA,2020-09-08,0.36204232383581036,True
BA,2024-05-23,0.03135702738492219,False
AAPL,2019-08-05,0.03692975858533809,False
AAPL,2020-03-02,-0.10923323984318489,True
CVX,2024-04-30,0.00868105574127176,False
AAPL,2020-06-11,0.0471271729011169,False
GS,2025-04-09,-0.03447676880562289,False
XOM,2024-04-26,-0.016615794334391865,False
TSLA,2026-07-23,-0.033907836513834666,False
CVX,2026-04-01,-0.03571249136809029,False
TSLA,2025-03-10,0.07139320749989242,True
XOM,2022-05-09,0.0768410837570408,True
MSFT,2020-06-11,0.05395395297815897,True
TSLA,2021-11-09,0.030512957418182385,False
AAPL,2019-05-13,-0.014161128933480316,False
MA,2025-12-11,0.005041139712948395,False
MA,2026-01-29,0.015007511950422048,False
KO,2025-02-11,0.03653848042095298,False
CAT,2020-11-04,0.09167049782894243,True
CAT,2019-07-24,-0.0018194639261692735,False
CVX,2025-01-31,0.02299076760943386,False
AAPL,2024-05-03,-0.0017995518718934012,False
CVX,2024-08-01,-0.05326949209886245,True
TSLA,2025-04-09,-0.11260105724007641,True
V,2025-04-09,-0.003308985734594816,False
MA,2021-01-14,0.006301035710225111,False
WMT,2024-02-20,0.016547274622612074,False
JNJ,2020-03-04,-0.08140502525495563,True
CAT,2021-01-06,0.010471467929978218,False
CVX,2019-11-04,-0.006251559909009496,False
PFE,2019-07-29,-0.10832332444868986,True
WMT,2020-03-12,0.14800570345801844,True
GS,2024-08-02,0.04168790265707312,False
TSLA,2024-04-29,-0.047874302493280396,False
JPM,2023-10-27,0.05387277932838397,True
KO,2020-09-02,-0.023246701672855363,False
NVDA,2019-06-04,0.05419577679673071,True
PFE,2025-04-04,-0.04614712658376563,False
XOM,2020-03-09,-0.17606303928390865,True
MSFT,2024-01-31,0.04142562950086903,False
CVX,2020-03-18,0.2583105831622379,True
KO,2023-12-20,0.019788220405670298,False
MA,2020-09-03,-0.03981503777109496,False
V,2023-09-14,-0.020248444677633204,False
JPM,2025-12-09,0.05004817656181837,True
CAT,2023-10-31,0.03923908426206291,False
KO,2021-01-04,-0.04852156254805884,False
JPM,2019-04-12,0.02149086781156284,False
MA,2025-04-09,-0.0038802553759382796,False
AAPL,2019-05-01,-0.036196134435350635,False
GS,2026-07-14,-0.047754334566885936,False
MA,2020-06-11,0.046695299926234,False
PFE,2023-12-13,0.03638407047660386,False
MSFT,2025-01-30,0.0020000894223377585,False
KO,2019-10-02,0.014129615187036482,False
MSFT,2020-02-27,0.05114434170737159,True
KO,2022-02-25,-0.004455032396097236,False
TSLA,2020-01-13,0.04256375487280417,False
WMT,2021-06-30,-0.010140461574567938,False
CAT,2024-07-16,-0.04550993886412613,False
PFE,2024-04-25,0.09659542802647159,True
XOM,2025-04-03,-0.11118028965641258,True
PFE,2022-10-21,0.05517240267281709,True
GS,2025-04-03,-0.04191855472649941,False
NVDA,2022-11-10,-0.004634917728484678,False
CAT,2026-04-30,0.006268907417817493,False
JNJ,2025-11-11,0.03183200800009889,False
V,2020-06-11,0.026630657821179238,False
GS,2020-11-09,0.034662506215544786,False
MSFT,2020-09-03,-0.06106766721627799,True
V,2025-06-18,0.016599076959381343,False
TSLA,2020-02-05,0.04435827842664053,False
MSFT,2020-03-13,-0.135238906251396,True
AAPL,2026-02-02,0.017073386855413597,False
MA,2020-02-24,-0.05522537484771528,True
BA,2021-02-24,-0.003401058654190159,False
MA,2024-10-31,0.03661003758880654,False
AAPL,2026-01-26,0.05716301591237016,True
AAPL,2020-01-31,0.03398917218101638,False
GS,2024-03-21,0.009620292157629384,False
PFE,2023-09-29,-0.0012058216170637293,False
JNJ,2020-03-02,-0.025567788328933805,False
XOM,2026-04-01,-0.03570099226734902,False
BA,2026-08-03,-0.002998039276039921,False
CAT,2023-10-18,-0.05508833698036564,True
JPM,2025-04-03,-0.006908923932778754,False
JPM,2025-07-08,0.013331880012540376,False
JNJ,2021-01-29,0.008091657119595697,False
GS,2019-08-01,-0.021739158652317125,False
BA,2021-11-15,-0.0994894796248127,True
GS,2022-01-18,-0.03625848285784383,False
PFE,2020-10-16,0.006060595786951506,False
V,2020-02-24,-0.03249656256982614,False
AAPL,2023-05-05,-0.005761364047949025,False
MSFT,2024-12-18,0.0016460611331141628,False
BA,2025-06-12,-0.024539877300613466,False
CVX,2022-07-29,-0.06191231814156184,True
KO,2020-03-12,-0.11301946636138305,True
JNJ,2020-09-03,-0.011835534846818763,False
MA,2019-10-22,0.04987368250880042,False
GS,2026-05-20,0.02672789489116134,False
BA,2021-11-05,-0.015592978238041622,False
PFE,2020-03-04,-0.11620874235212642,True
BA,2022-05-09,-0.06946211594344909,True
BA,2025-04-03,0.030548012050105378,False
KO,2025-04-04,0.021450021356413274,False
KO,2026-04-28,0.0016592837950779593,False
BA,2024-08-01,-0.0529415207821099,True
KO,2025-01-27,-0.008141544801311795,False
PFE,2025-10-01,-0.05622928448277553,True
CVX,2020-03-24,0.08880534578065258,True
CVX,2019-08-14,0.0011890554797735486,False
GS,2020-05-26,0.04121188376858953,False
TSLA,2022-01-03,-0.11807164964096739,True
JNJ,2020-02-27,0.02077342934934734,False
KO,2020-06-11,0.03184015664885642,False
V,2021-07-19,0.04093006192754167,False
NVDA,2024-07-31,-0.15475981456567645,True
